{
  "model": {
    "type": "select",
    "property": "display_context",
    "cases": [
      {
        "when": [ "gui", "fixed" ],
        "model": {
          "type": "range_dispatch",
          "property": "damage",
          "scale": 1,
          "entries": [
            {
              "threshold": 0.25,
              "model": {
                "type": "model",
                "model": "item/carrot_on_a_stick_1"
              }
            },
            {
              "threshold": 0.5,
              "model": {
                "type": "model",
                "model": "item/carrot_on_a_stick_2"
              }
            },
            {
              "threshold": 0.75,
              "model": {
                "type": "model",
                "model": "item/carrot_on_a_stick_3"
              }
            }
          ],
          "fallback": {
            "type": "model",
            "model": "item/carrot_on_a_stick"
          }
        }
      }
    ],
    "fallback": {
      "type": "range_dispatch",
      "property": "damage",
      "scale": 1,
      "entries": [
        {
          "threshold": 0.25,
          "model": {
            "type": "model",
            "model": "item/carrot_on_a_stick_1_alt"
          }
        },
        {
          "threshold": 0.5,
          "model": {
            "type": "model",
            "model": "item/carrot_on_a_stick_2_alt"
          }
        },
        {
          "threshold": 0.75,
          "model": {
            "type": "model",
            "model": "item/carrot_on_a_stick_3_alt"
          }
        }
      ],
      "fallback": {
        "type": "model",
        "model": "item/carrot_on_a_stick_alt"
      }
    }
  }
}