{
  "model": {
    "type": "select",
    "property": "display_context",
    "cases": [
      {
        "when": [ "gui", "fixed" ],
        "model": {
          "type": "condition",
          "property": "has_component",
          "component": "lodestone_tracker",
          "on_true": {
            "type": "range_dispatch",
            "property": "compass",
            "target": "lodestone",
            "scale": 1,
            "entries": [
              { "model": { "type": "model", "model": "item/compass" }, "threshold": 0.0 },
              { "model": { "type": "model", "model": "item/compass2" }, "threshold": 0.03 },
              { "model": { "type": "model", "model": "item/compass3" }, "threshold": 0.05 },
              { "model": { "type": "model", "model": "item/compass4" }, "threshold": 0.07 },
              { "model": { "type": "model", "model": "item/compass5" }, "threshold": 0.09 },
              { "model": { "type": "model", "model": "item/compass6" }, "threshold": 0.11 },
              { "model": { "type": "model", "model": "item/compass7" }, "threshold": 0.13 },
              { "model": { "type": "model", "model": "item/compass8" }, "threshold": 0.15 },
              { "model": { "type": "model", "model": "item/compass9" }, "threshold": 0.17 },
              { "model": { "type": "model", "model": "item/compass10" }, "threshold": 0.19 },
              { "model": { "type": "model", "model": "item/compass11" }, "threshold": 0.21 },
              { "model": { "type": "model", "model": "item/compass12" }, "threshold": 0.23 },
              { "model": { "type": "model", "model": "item/compass13" }, "threshold": 0.25 },
              { "model": { "type": "model", "model": "item/compass14" }, "threshold": 0.27 },
              { "model": { "type": "model", "model": "item/compass15" }, "threshold": 0.29 },
              { "model": { "type": "model", "model": "item/compass16" }, "threshold": 0.31 },
              { "model": { "type": "model", "model": "item/compass17" }, "threshold": 0.33 },
              { "model": { "type": "model", "model": "item/compass18" }, "threshold": 0.35 },
              { "model": { "type": "model", "model": "item/compass19" }, "threshold": 0.37 },
              { "model": { "type": "model", "model": "item/compass20" }, "threshold": 0.39 },
              { "model": { "type": "model", "model": "item/compass21" }, "threshold": 0.41 },
              { "model": { "type": "model", "model": "item/compass22" }, "threshold": 0.43 },
              { "model": { "type": "model", "model": "item/compass23" }, "threshold": 0.45 },
              { "model": { "type": "model", "model": "item/compass24" }, "threshold": 0.47 },
              { "model": { "type": "model", "model": "item/compass25" }, "threshold": 0.49 },
              { "model": { "type": "model", "model": "item/compass26" }, "threshold": 0.51 },
              { "model": { "type": "model", "model": "item/compass27" }, "threshold": 0.53 },
              { "model": { "type": "model", "model": "item/compass28" }, "threshold": 0.55 },
              { "model": { "type": "model", "model": "item/compass29" }, "threshold": 0.57 },
              { "model": { "type": "model", "model": "item/compass30" }, "threshold": 0.59 },
              { "model": { "type": "model", "model": "item/compass31" }, "threshold": 0.61 },
              { "model": { "type": "model", "model": "item/compass32" }, "threshold": 0.63 },
              { "model": { "type": "model", "model": "item/compass33" }, "threshold": 0.65 },
              { "model": { "type": "model", "model": "item/compass34" }, "threshold": 0.67 },
              { "model": { "type": "model", "model": "item/compass35" }, "threshold": 0.69 },
              { "model": { "type": "model", "model": "item/compass36" }, "threshold": 0.71 },
              { "model": { "type": "model", "model": "item/compass37" }, "threshold": 0.73 },
              { "model": { "type": "model", "model": "item/compass38" }, "threshold": 0.75 },
              { "model": { "type": "model", "model": "item/compass39" }, "threshold": 0.77 },
              { "model": { "type": "model", "model": "item/compass40" }, "threshold": 0.79 },
              { "model": { "type": "model", "model": "item/compass41" }, "threshold": 0.81 },
              { "model": { "type": "model", "model": "item/compass42" }, "threshold": 0.83 },
              { "model": { "type": "model", "model": "item/compass43" }, "threshold": 0.85 },
              { "model": { "type": "model", "model": "item/compass44" }, "threshold": 0.87 },
              { "model": { "type": "model", "model": "item/compass45" }, "threshold": 0.89 },
              { "model": { "type": "model", "model": "item/compass46" }, "threshold": 0.91 },
              { "model": { "type": "model", "model": "item/compass47" }, "threshold": 0.93 },
              { "model": { "type": "model", "model": "item/compass48" }, "threshold": 0.95 },
              { "model": { "type": "model", "model": "item/compass49" }, "threshold": 0.97 },
              { "model": { "type": "model", "model": "item/compass50" }, "threshold": 0.99 }
            ]
          },
          "on_false": {
            "type": "select",
            "property": "context_dimension",
            "cases": [
              {
                "when": "overworld",
                "model": {
                  "type": "range_dispatch",
                  "property": "compass",
                  "target": "spawn",
                  "scale": 1,
                  "entries": [
                    { "model": { "type": "model", "model": "item/compass" }, "threshold": 0.0 },
                    { "model": { "type": "model", "model": "item/compass2" }, "threshold": 0.03 },
                    { "model": { "type": "model", "model": "item/compass3" }, "threshold": 0.05 },
                    { "model": { "type": "model", "model": "item/compass4" }, "threshold": 0.07 },
                    { "model": { "type": "model", "model": "item/compass5" }, "threshold": 0.09 },
                    { "model": { "type": "model", "model": "item/compass6" }, "threshold": 0.11 },
                    { "model": { "type": "model", "model": "item/compass7" }, "threshold": 0.13 },
                    { "model": { "type": "model", "model": "item/compass8" }, "threshold": 0.15 },
                    { "model": { "type": "model", "model": "item/compass9" }, "threshold": 0.17 },
                    { "model": { "type": "model", "model": "item/compass10" }, "threshold": 0.19 },
                    { "model": { "type": "model", "model": "item/compass11" }, "threshold": 0.21 },
                    { "model": { "type": "model", "model": "item/compass12" }, "threshold": 0.23 },
                    { "model": { "type": "model", "model": "item/compass13" }, "threshold": 0.25 },
                    { "model": { "type": "model", "model": "item/compass14" }, "threshold": 0.27 },
                    { "model": { "type": "model", "model": "item/compass15" }, "threshold": 0.29 },
                    { "model": { "type": "model", "model": "item/compass16" }, "threshold": 0.31 },
                    { "model": { "type": "model", "model": "item/compass17" }, "threshold": 0.33 },
                    { "model": { "type": "model", "model": "item/compass18" }, "threshold": 0.35 },
                    { "model": { "type": "model", "model": "item/compass19" }, "threshold": 0.37 },
                    { "model": { "type": "model", "model": "item/compass20" }, "threshold": 0.39 },
                    { "model": { "type": "model", "model": "item/compass21" }, "threshold": 0.41 },
                    { "model": { "type": "model", "model": "item/compass22" }, "threshold": 0.43 },
                    { "model": { "type": "model", "model": "item/compass23" }, "threshold": 0.45 },
                    { "model": { "type": "model", "model": "item/compass24" }, "threshold": 0.47 },
                    { "model": { "type": "model", "model": "item/compass25" }, "threshold": 0.49 },
                    { "model": { "type": "model", "model": "item/compass26" }, "threshold": 0.51 },
                    { "model": { "type": "model", "model": "item/compass27" }, "threshold": 0.53 },
                    { "model": { "type": "model", "model": "item/compass28" }, "threshold": 0.55 },
                    { "model": { "type": "model", "model": "item/compass29" }, "threshold": 0.57 },
                    { "model": { "type": "model", "model": "item/compass30" }, "threshold": 0.59 },
                    { "model": { "type": "model", "model": "item/compass31" }, "threshold": 0.61 },
                    { "model": { "type": "model", "model": "item/compass32" }, "threshold": 0.63 },
                    { "model": { "type": "model", "model": "item/compass33" }, "threshold": 0.65 },
                    { "model": { "type": "model", "model": "item/compass34" }, "threshold": 0.67 },
                    { "model": { "type": "model", "model": "item/compass35" }, "threshold": 0.69 },
                    { "model": { "type": "model", "model": "item/compass36" }, "threshold": 0.71 },
                    { "model": { "type": "model", "model": "item/compass37" }, "threshold": 0.73 },
                    { "model": { "type": "model", "model": "item/compass38" }, "threshold": 0.75 },
                    { "model": { "type": "model", "model": "item/compass39" }, "threshold": 0.77 },
                    { "model": { "type": "model", "model": "item/compass40" }, "threshold": 0.79 },
                    { "model": { "type": "model", "model": "item/compass41" }, "threshold": 0.81 },
                    { "model": { "type": "model", "model": "item/compass42" }, "threshold": 0.83 },
                    { "model": { "type": "model", "model": "item/compass43" }, "threshold": 0.85 },
                    { "model": { "type": "model", "model": "item/compass44" }, "threshold": 0.87 },
                    { "model": { "type": "model", "model": "item/compass45" }, "threshold": 0.89 },
                    { "model": { "type": "model", "model": "item/compass46" }, "threshold": 0.91 },
                    { "model": { "type": "model", "model": "item/compass47" }, "threshold": 0.93 },
                    { "model": { "type": "model", "model": "item/compass48" }, "threshold": 0.95 },
                    { "model": { "type": "model", "model": "item/compass49" }, "threshold": 0.97 },
                    { "model": { "type": "model", "model": "item/compass50" }, "threshold": 0.99 }
                  ]
                }
              }
            ],
            "fallback": {
              "type": "range_dispatch",
              "property": "compass",
              "target": "none",
              "scale": 1,
              "entries": [
                { "model": { "type": "model", "model": "item/compass" }, "threshold": 0.0 },
                { "model": { "type": "model", "model": "item/compass2" }, "threshold": 0.03 },
                { "model": { "type": "model", "model": "item/compass3" }, "threshold": 0.05 },
                { "model": { "type": "model", "model": "item/compass4" }, "threshold": 0.07 },
                { "model": { "type": "model", "model": "item/compass5" }, "threshold": 0.09 },
                { "model": { "type": "model", "model": "item/compass6" }, "threshold": 0.11 },
                { "model": { "type": "model", "model": "item/compass7" }, "threshold": 0.13 },
                { "model": { "type": "model", "model": "item/compass8" }, "threshold": 0.15 },
                { "model": { "type": "model", "model": "item/compass9" }, "threshold": 0.17 },
                { "model": { "type": "model", "model": "item/compass10" }, "threshold": 0.19 },
                { "model": { "type": "model", "model": "item/compass11" }, "threshold": 0.21 },
                { "model": { "type": "model", "model": "item/compass12" }, "threshold": 0.23 },
                { "model": { "type": "model", "model": "item/compass13" }, "threshold": 0.25 },
                { "model": { "type": "model", "model": "item/compass14" }, "threshold": 0.27 },
                { "model": { "type": "model", "model": "item/compass15" }, "threshold": 0.29 },
                { "model": { "type": "model", "model": "item/compass16" }, "threshold": 0.31 },
                { "model": { "type": "model", "model": "item/compass17" }, "threshold": 0.33 },
                { "model": { "type": "model", "model": "item/compass18" }, "threshold": 0.35 },
                { "model": { "type": "model", "model": "item/compass19" }, "threshold": 0.37 },
                { "model": { "type": "model", "model": "item/compass20" }, "threshold": 0.39 },
                { "model": { "type": "model", "model": "item/compass21" }, "threshold": 0.41 },
                { "model": { "type": "model", "model": "item/compass22" }, "threshold": 0.43 },
                { "model": { "type": "model", "model": "item/compass23" }, "threshold": 0.45 },
                { "model": { "type": "model", "model": "item/compass24" }, "threshold": 0.47 },
                { "model": { "type": "model", "model": "item/compass25" }, "threshold": 0.49 },
                { "model": { "type": "model", "model": "item/compass26" }, "threshold": 0.51 },
                { "model": { "type": "model", "model": "item/compass27" }, "threshold": 0.53 },
                { "model": { "type": "model", "model": "item/compass28" }, "threshold": 0.55 },
                { "model": { "type": "model", "model": "item/compass29" }, "threshold": 0.57 },
                { "model": { "type": "model", "model": "item/compass30" }, "threshold": 0.59 },
                { "model": { "type": "model", "model": "item/compass31" }, "threshold": 0.61 },
                { "model": { "type": "model", "model": "item/compass32" }, "threshold": 0.63 },
                { "model": { "type": "model", "model": "item/compass33" }, "threshold": 0.65 },
                { "model": { "type": "model", "model": "item/compass34" }, "threshold": 0.67 },
                { "model": { "type": "model", "model": "item/compass35" }, "threshold": 0.69 },
                { "model": { "type": "model", "model": "item/compass36" }, "threshold": 0.71 },
                { "model": { "type": "model", "model": "item/compass37" }, "threshold": 0.73 },
                { "model": { "type": "model", "model": "item/compass38" }, "threshold": 0.75 },
                { "model": { "type": "model", "model": "item/compass39" }, "threshold": 0.77 },
                { "model": { "type": "model", "model": "item/compass40" }, "threshold": 0.79 },
                { "model": { "type": "model", "model": "item/compass41" }, "threshold": 0.81 },
                { "model": { "type": "model", "model": "item/compass42" }, "threshold": 0.83 },
                { "model": { "type": "model", "model": "item/compass43" }, "threshold": 0.85 },
                { "model": { "type": "model", "model": "item/compass44" }, "threshold": 0.87 },
                { "model": { "type": "model", "model": "item/compass45" }, "threshold": 0.89 },
                { "model": { "type": "model", "model": "item/compass46" }, "threshold": 0.91 },
                { "model": { "type": "model", "model": "item/compass47" }, "threshold": 0.93 },
                { "model": { "type": "model", "model": "item/compass48" }, "threshold": 0.95 },
                { "model": { "type": "model", "model": "item/compass49" }, "threshold": 0.97 },
                { "model": { "type": "model", "model": "item/compass50" }, "threshold": 0.99 }
              ]
            }
          }
        }
      }
    ],
    "fallback": {
      "type": "condition",
      "property": "has_component",
      "component": "lodestone_tracker",
      "on_true": {
        "type": "range_dispatch",
        "property": "compass",
        "target": "lodestone",
        "scale": 1,
        "entries": [
          { "model": { "type": "model", "model": "item/compass_alt1" }, "threshold": 0.0 },
          { "model": { "type": "model", "model": "item/compass_alt2" }, "threshold": 0.03 },
          { "model": { "type": "model", "model": "item/compass_alt3" }, "threshold": 0.09 },
          { "model": { "type": "model", "model": "item/compass_alt4" }, "threshold": 0.15 },
          { "model": { "type": "model", "model": "item/compass_alt5" }, "threshold": 0.21 },
          { "model": { "type": "model", "model": "item/compass_alt6" }, "threshold": 0.27 },
          { "model": { "type": "model", "model": "item/compass_alt7" }, "threshold": 0.33 },
          { "model": { "type": "model", "model": "item/compass_alt8" }, "threshold": 0.39 },
          { "model": { "type": "model", "model": "item/compass_alt9" }, "threshold": 0.47 },
          { "model": { "type": "model", "model": "item/compass_alt10" }, "threshold": 0.57 },
          { "model": { "type": "model", "model": "item/compass_alt11" }, "threshold": 0.65 },
          { "model": { "type": "model", "model": "item/compass_alt12" }, "threshold": 0.71 },
          { "model": { "type": "model", "model": "item/compass_alt13" }, "threshold": 0.77 },
          { "model": { "type": "model", "model": "item/compass_alt14" }, "threshold": 0.83 },
          { "model": { "type": "model", "model": "item/compass_alt15" }, "threshold": 0.89 },
          { "model": { "type": "model", "model": "item/compass_alt16" }, "threshold": 0.95 }
        ]
      },
      "on_false": {
        "type": "select",
        "property": "context_dimension",
        "cases": [
          {
            "when": "overworld",
            "model": {
              "type": "range_dispatch",
              "property": "compass",
              "target": "spawn",
              "scale": 1,
              "entries": [
                { "model": { "type": "model", "model": "item/compass_alt1" }, "threshold": 0.0 },
                { "model": { "type": "model", "model": "item/compass_alt2" }, "threshold": 0.03 },
                { "model": { "type": "model", "model": "item/compass_alt3" }, "threshold": 0.09 },
                { "model": { "type": "model", "model": "item/compass_alt4" }, "threshold": 0.15 },
                { "model": { "type": "model", "model": "item/compass_alt5" }, "threshold": 0.21 },
                { "model": { "type": "model", "model": "item/compass_alt6" }, "threshold": 0.27 },
                { "model": { "type": "model", "model": "item/compass_alt7" }, "threshold": 0.33 },
                { "model": { "type": "model", "model": "item/compass_alt8" }, "threshold": 0.39 },
                { "model": { "type": "model", "model": "item/compass_alt9" }, "threshold": 0.47 },
                { "model": { "type": "model", "model": "item/compass_alt10" }, "threshold": 0.57 },
                { "model": { "type": "model", "model": "item/compass_alt11" }, "threshold": 0.65 },
                { "model": { "type": "model", "model": "item/compass_alt12" }, "threshold": 0.71 },
                { "model": { "type": "model", "model": "item/compass_alt13" }, "threshold": 0.77 },
                { "model": { "type": "model", "model": "item/compass_alt14" }, "threshold": 0.83 },
                { "model": { "type": "model", "model": "item/compass_alt15" }, "threshold": 0.89 },
                { "model": { "type": "model", "model": "item/compass_alt16" }, "threshold": 0.95 }
              ]
            }
          }
        ],
        "fallback": {
          "type": "range_dispatch",
          "property": "compass",
          "target": "none",
          "scale": 1,
          "entries": [
            { "model": { "type": "model", "model": "item/compass_alt1" }, "threshold": 0.0 },
            { "model": { "type": "model", "model": "item/compass_alt2" }, "threshold": 0.03 },
            { "model": { "type": "model", "model": "item/compass_alt3" }, "threshold": 0.09 },
            { "model": { "type": "model", "model": "item/compass_alt4" }, "threshold": 0.15 },
            { "model": { "type": "model", "model": "item/compass_alt5" }, "threshold": 0.21 },
            { "model": { "type": "model", "model": "item/compass_alt6" }, "threshold": 0.27 },
            { "model": { "type": "model", "model": "item/compass_alt7" }, "threshold": 0.33 },
            { "model": { "type": "model", "model": "item/compass_alt8" }, "threshold": 0.39 },
            { "model": { "type": "model", "model": "item/compass_alt9" }, "threshold": 0.47 },
            { "model": { "type": "model", "model": "item/compass_alt10" }, "threshold": 0.57 },
            { "model": { "type": "model", "model": "item/compass_alt11" }, "threshold": 0.65 },
            { "model": { "type": "model", "model": "item/compass_alt12" }, "threshold": 0.71 },
            { "model": { "type": "model", "model": "item/compass_alt13" }, "threshold": 0.77 },
            { "model": { "type": "model", "model": "item/compass_alt14" }, "threshold": 0.83 },
            { "model": { "type": "model", "model": "item/compass_alt15" }, "threshold": 0.89 },
            { "model": { "type": "model", "model": "item/compass_alt16" }, "threshold": 0.95 }
          ]
        }
      }
    }
  }
}